type,content,source_url,site_name
paragraph,Quotes by: GoodReads.com,https://quotes.toscrape.com/scroll,Infinite Scroll Practice
paragraph,Made with ❤ by Zyte,https://quotes.toscrape.com/scroll,Infinite Scroll Practice
heading,Quotes to Scrape,https://quotes.toscrape.com/scroll,Infinite Scroll Practice
heading,Loading...,https://quotes.toscrape.com/scroll,Infinite Scroll Practice
paragraph,Quotes by: GoodReads.com,https://quotes.toscrape.com/scroll,Infinite Scroll Practice
paragraph,Made with ❤ by Zyte,https://quotes.toscrape.com/scroll,Infinite Scroll Practice
heading,Quotes to Scrape,https://quotes.toscrape.com/scroll,Infinite Scroll Practice
heading,Loading...,https://quotes.toscrape.com/scroll,Infinite Scroll Practice
paragraph,Web Scraper,https://webscraper.io/test-sites/e-commerce/ajax,AJAX Content Practice
paragraph,Cloud Scraper,https://webscraper.io/test-sites/e-commerce/ajax,AJAX Content Practice
paragraph,Pricing,https://webscraper.io/test-sites/e-commerce/ajax,AJAX Content Practice
paragraph,"Welcome to WebScraper e-commerce site. You can use this site for training
			to learn how to use the Web Scraper. Items listed here are not for sale.",https://webscraper.io/test-sites/e-commerce/ajax,AJAX Content Practice
paragraph,"Apple MacBook Pro 13"" Space Gray, Core i5 2.3GHz, 8GB, 128GB SSD, Iris Plus 640, ENG",https://webscraper.io/test-sites/e-commerce/ajax,AJAX Content Practice
paragraph,0 reviews,https://webscraper.io/test-sites/e-commerce/ajax,AJAX Content Practice
paragraph,"Lenovo V110-15ISK, 15.6"" HD, Core i3-6006U, 4GB, 128GB SSD, Windows 10 Pro",https://webscraper.io/test-sites/e-commerce/ajax,AJAX Content Practice
paragraph,2 reviews,https://webscraper.io/test-sites/e-commerce/ajax,AJAX Content Practice
paragraph,"16GB, White",https://webscraper.io/test-sites/e-commerce/ajax,AJAX Content Practice
paragraph,14 reviews,https://webscraper.io/test-sites/e-commerce/ajax,AJAX Content Practice
paragraph,Products,https://webscraper.io/test-sites/e-commerce/ajax,AJAX Content Practice
paragraph,Company,https://webscraper.io/test-sites/e-commerce/ajax,AJAX Content Practice
paragraph,Resources,https://webscraper.io/test-sites/e-commerce/ajax,AJAX Content Practice
paragraph,CONTACT US,https://webscraper.io/test-sites/e-commerce/ajax,AJAX Content Practice
paragraph,"Copyright © 2025
					Web Scraper | All rights reserved",https://webscraper.io/test-sites/e-commerce/ajax,AJAX Content Practice
heading,Test Sites,https://webscraper.io/test-sites/e-commerce/ajax,AJAX Content Practice
heading,E-commerce training site,https://webscraper.io/test-sites/e-commerce/ajax,AJAX Content Practice
heading,Top items being scraped right now,https://webscraper.io/test-sites/e-commerce/ajax,AJAX Content Practice
heading,$1333,https://webscraper.io/test-sites/e-commerce/ajax,AJAX Content Practice
heading,Apple MacBook...,https://webscraper.io/test-sites/e-commerce/ajax,AJAX Content Practice
heading,$454.73,https://webscraper.io/test-sites/e-commerce/ajax,AJAX Content Practice
heading,Lenovo V110-15...,https://webscraper.io/test-sites/e-commerce/ajax,AJAX Content Practice
heading,$251.99,https://webscraper.io/test-sites/e-commerce/ajax,AJAX Content Practice
heading,Galaxy Tab,https://webscraper.io/test-sites/e-commerce/ajax,AJAX Content Practice
list_item,Web Scraper,https://webscraper.io/test-sites/e-commerce/ajax,AJAX Content Practice
list_item,Cloud Scraper,https://webscraper.io/test-sites/e-commerce/ajax,AJAX Content Practice
list_item,Pricing,https://webscraper.io/test-sites/e-commerce/ajax,AJAX Content Practice
list_item,"Learn
								





Documentation


Video Tutorials


Test Sites


Forum",https://webscraper.io/test-sites/e-commerce/ajax,AJAX Content Practice
list_item,Documentation,https://webscraper.io/test-sites/e-commerce/ajax,AJAX Content Practice
list_item,Video Tutorials,https://webscraper.io/test-sites/e-commerce/ajax,AJAX Content Practice
list_item,Test Sites,https://webscraper.io/test-sites/e-commerce/ajax,AJAX Content Practice
list_item,Forum,https://webscraper.io/test-sites/e-commerce/ajax,AJAX Content Practice
list_item,Install,https://webscraper.io/test-sites/e-commerce/ajax,AJAX Content Practice
list_item,Cloud Login,https://webscraper.io/test-sites/e-commerce/ajax,AJAX Content Practice
list_item,Home,https://webscraper.io/test-sites/e-commerce/ajax,AJAX Content Practice
list_item,Computers,https://webscraper.io/test-sites/e-commerce/ajax,AJAX Content Practice
list_item,Phones,https://webscraper.io/test-sites/e-commerce/ajax,AJAX Content Practice
list_item,Products,https://webscraper.io/test-sites/e-commerce/ajax,AJAX Content Practice
list_item,Web Scraper browser extension,https://webscraper.io/test-sites/e-commerce/ajax,AJAX Content Practice
list_item,Web Scraper Cloud,https://webscraper.io/test-sites/e-commerce/ajax,AJAX Content Practice
list_item,Company,https://webscraper.io/test-sites/e-commerce/ajax,AJAX Content Practice
list_item,About us,https://webscraper.io/test-sites/e-commerce/ajax,AJAX Content Practice
list_item,Contact,https://webscraper.io/test-sites/e-commerce/ajax,AJAX Content Practice
list_item,Website Privacy Policy,https://webscraper.io/test-sites/e-commerce/ajax,AJAX Content Practice
